{"assets/.DS_Store":["assets/.DS_Store"],"assets/buttons/UNO.png":["assets/buttons/UNO.png"],"assets/buttons/UNO_blue.png":["assets/buttons/UNO_blue.png"],"assets/buttons/next_turn.png":["assets/buttons/next_turn.png"],"assets/buttons/next_turn_blue.png":["assets/buttons/next_turn_blue.png"],"assets/classification/classification.png":["assets/classification/classification.png"],"assets/colorChanger/colorChanger.png":["assets/colorChanger/colorChanger.png"],"assets/deck/.DS_Store":["assets/deck/.DS_Store"],"assets/deck/Animal_Crossing/.DS_Store":["assets/deck/Animal_Crossing/.DS_Store"],"assets/deck/Animal_Crossing/blue/0.png":["assets/deck/Animal_Crossing/blue/0.png"],"assets/deck/Animal_Crossing/blue/1.png":["assets/deck/Animal_Crossing/blue/1.png"],"assets/deck/Animal_Crossing/blue/2.png":["assets/deck/Animal_Crossing/blue/2.png"],"assets/deck/Animal_Crossing/blue/3.png":["assets/deck/Animal_Crossing/blue/3.png"],"assets/deck/Animal_Crossing/blue/4.png":["assets/deck/Animal_Crossing/blue/4.png"],"assets/deck/Animal_Crossing/blue/5.png":["assets/deck/Animal_Crossing/blue/5.png"],"assets/deck/Animal_Crossing/blue/6.png":["assets/deck/Animal_Crossing/blue/6.png"],"assets/deck/Animal_Crossing/blue/7.png":["assets/deck/Animal_Crossing/blue/7.png"],"assets/deck/Animal_Crossing/blue/8.png":["assets/deck/Animal_Crossing/blue/8.png"],"assets/deck/Animal_Crossing/blue/9.png":["assets/deck/Animal_Crossing/blue/9.png"],"assets/deck/Animal_Crossing/blue/draw_2.png":["assets/deck/Animal_Crossing/blue/draw_2.png"],"assets/deck/Animal_Crossing/blue/reverse.png":["assets/deck/Animal_Crossing/blue/reverse.png"],"assets/deck/Animal_Crossing/blue/skip.png":["assets/deck/Animal_Crossing/blue/skip.png"],"assets/deck/Animal_Crossing/deck.png":["assets/deck/Animal_Crossing/deck.png"],"assets/deck/Animal_Crossing/green/0.png":["assets/deck/Animal_Crossing/green/0.png"],"assets/deck/Animal_Crossing/green/1.png":["assets/deck/Animal_Crossing/green/1.png"],"assets/deck/Animal_Crossing/green/2.png":["assets/deck/Animal_Crossing/green/2.png"],"assets/deck/Animal_Crossing/green/3.png":["assets/deck/Animal_Crossing/green/3.png"],"assets/deck/Animal_Crossing/green/4.png":["assets/deck/Animal_Crossing/green/4.png"],"assets/deck/Animal_Crossing/green/5.png":["assets/deck/Animal_Crossing/green/5.png"],"assets/deck/Animal_Crossing/green/6.png":["assets/deck/Animal_Crossing/green/6.png"],"assets/deck/Animal_Crossing/green/7.png":["assets/deck/Animal_Crossing/green/7.png"],"assets/deck/Animal_Crossing/green/8.png":["assets/deck/Animal_Crossing/green/8.png"],"assets/deck/Animal_Crossing/green/9.png":["assets/deck/Animal_Crossing/green/9.png"],"assets/deck/Animal_Crossing/green/draw_2.png":["assets/deck/Animal_Crossing/green/draw_2.png"],"assets/deck/Animal_Crossing/green/reverse.png":["assets/deck/Animal_Crossing/green/reverse.png"],"assets/deck/Animal_Crossing/green/skip.png":["assets/deck/Animal_Crossing/green/skip.png"],"assets/deck/Animal_Crossing/orange/0.png":["assets/deck/Animal_Crossing/orange/0.png"],"assets/deck/Animal_Crossing/orange/1.png":["assets/deck/Animal_Crossing/orange/1.png"],"assets/deck/Animal_Crossing/orange/2.png":["assets/deck/Animal_Crossing/orange/2.png"],"assets/deck/Animal_Crossing/orange/3.png":["assets/deck/Animal_Crossing/orange/3.png"],"assets/deck/Animal_Crossing/orange/4.png":["assets/deck/Animal_Crossing/orange/4.png"],"assets/deck/Animal_Crossing/orange/5.png":["assets/deck/Animal_Crossing/orange/5.png"],"assets/deck/Animal_Crossing/orange/6.png":["assets/deck/Animal_Crossing/orange/6.png"],"assets/deck/Animal_Crossing/orange/7.png":["assets/deck/Animal_Crossing/orange/7.png"],"assets/deck/Animal_Crossing/orange/8.png":["assets/deck/Animal_Crossing/orange/8.png"],"assets/deck/Animal_Crossing/orange/9.png":["assets/deck/Animal_Crossing/orange/9.png"],"assets/deck/Animal_Crossing/orange/draw_2.png":["assets/deck/Animal_Crossing/orange/draw_2.png"],"assets/deck/Animal_Crossing/orange/reverse.png":["assets/deck/Animal_Crossing/orange/reverse.png"],"assets/deck/Animal_Crossing/orange/skip.png":["assets/deck/Animal_Crossing/orange/skip.png"],"assets/deck/Animal_Crossing/red/0.png":["assets/deck/Animal_Crossing/red/0.png"],"assets/deck/Animal_Crossing/red/1.png":["assets/deck/Animal_Crossing/red/1.png"],"assets/deck/Animal_Crossing/red/2.png":["assets/deck/Animal_Crossing/red/2.png"],"assets/deck/Animal_Crossing/red/3.png":["assets/deck/Animal_Crossing/red/3.png"],"assets/deck/Animal_Crossing/red/4.png":["assets/deck/Animal_Crossing/red/4.png"],"assets/deck/Animal_Crossing/red/5.png":["assets/deck/Animal_Crossing/red/5.png"],"assets/deck/Animal_Crossing/red/6.png":["assets/deck/Animal_Crossing/red/6.png"],"assets/deck/Animal_Crossing/red/7.png":["assets/deck/Animal_Crossing/red/7.png"],"assets/deck/Animal_Crossing/red/8.png":["assets/deck/Animal_Crossing/red/8.png"],"assets/deck/Animal_Crossing/red/9.png":["assets/deck/Animal_Crossing/red/9.png"],"assets/deck/Animal_Crossing/red/draw_2.png":["assets/deck/Animal_Crossing/red/draw_2.png"],"assets/deck/Animal_Crossing/red/reverse.png":["assets/deck/Animal_Crossing/red/reverse.png"],"assets/deck/Animal_Crossing/red/skip.png":["assets/deck/Animal_Crossing/red/skip.png"],"assets/deck/Animal_Crossing/theme.mp3":["assets/deck/Animal_Crossing/theme.mp3"],"assets/deck/Animal_Crossing/thumbnail.png":["assets/deck/Animal_Crossing/thumbnail.png"],"assets/deck/Animal_Crossing/wild/wild.png":["assets/deck/Animal_Crossing/wild/wild.png"],"assets/deck/Animal_Crossing/wild/wild_draw_4.png":["assets/deck/Animal_Crossing/wild/wild_draw_4.png"],"assets/deck/CARDS_Pocket_Original/.DS_Store":["assets/deck/CARDS_Pocket_Original/.DS_Store"],"assets/deck/CARDS_Pocket_Original/blue/0.png":["assets/deck/CARDS_Pocket_Original/blue/0.png"],"assets/deck/CARDS_Pocket_Original/blue/1.png":["assets/deck/CARDS_Pocket_Original/blue/1.png"],"assets/deck/CARDS_Pocket_Original/blue/2.png":["assets/deck/CARDS_Pocket_Original/blue/2.png"],"assets/deck/CARDS_Pocket_Original/blue/3.png":["assets/deck/CARDS_Pocket_Original/blue/3.png"],"assets/deck/CARDS_Pocket_Original/blue/4.png":["assets/deck/CARDS_Pocket_Original/blue/4.png"],"assets/deck/CARDS_Pocket_Original/blue/5.png":["assets/deck/CARDS_Pocket_Original/blue/5.png"],"assets/deck/CARDS_Pocket_Original/blue/6.png":["assets/deck/CARDS_Pocket_Original/blue/6.png"],"assets/deck/CARDS_Pocket_Original/blue/7.png":["assets/deck/CARDS_Pocket_Original/blue/7.png"],"assets/deck/CARDS_Pocket_Original/blue/8.png":["assets/deck/CARDS_Pocket_Original/blue/8.png"],"assets/deck/CARDS_Pocket_Original/blue/9.png":["assets/deck/CARDS_Pocket_Original/blue/9.png"],"assets/deck/CARDS_Pocket_Original/blue/draw_2.png":["assets/deck/CARDS_Pocket_Original/blue/draw_2.png"],"assets/deck/CARDS_Pocket_Original/blue/reverse.png":["assets/deck/CARDS_Pocket_Original/blue/reverse.png"],"assets/deck/CARDS_Pocket_Original/blue/skip.png":["assets/deck/CARDS_Pocket_Original/blue/skip.png"],"assets/deck/CARDS_Pocket_Original/deck.png":["assets/deck/CARDS_Pocket_Original/deck.png"],"assets/deck/CARDS_Pocket_Original/green/0.png":["assets/deck/CARDS_Pocket_Original/green/0.png"],"assets/deck/CARDS_Pocket_Original/green/1.png":["assets/deck/CARDS_Pocket_Original/green/1.png"],"assets/deck/CARDS_Pocket_Original/green/2.png":["assets/deck/CARDS_Pocket_Original/green/2.png"],"assets/deck/CARDS_Pocket_Original/green/3.png":["assets/deck/CARDS_Pocket_Original/green/3.png"],"assets/deck/CARDS_Pocket_Original/green/4.png":["assets/deck/CARDS_Pocket_Original/green/4.png"],"assets/deck/CARDS_Pocket_Original/green/5.png":["assets/deck/CARDS_Pocket_Original/green/5.png"],"assets/deck/CARDS_Pocket_Original/green/6.png":["assets/deck/CARDS_Pocket_Original/green/6.png"],"assets/deck/CARDS_Pocket_Original/green/7.png":["assets/deck/CARDS_Pocket_Original/green/7.png"],"assets/deck/CARDS_Pocket_Original/green/8.png":["assets/deck/CARDS_Pocket_Original/green/8.png"],"assets/deck/CARDS_Pocket_Original/green/9.png":["assets/deck/CARDS_Pocket_Original/green/9.png"],"assets/deck/CARDS_Pocket_Original/green/draw_2.png":["assets/deck/CARDS_Pocket_Original/green/draw_2.png"],"assets/deck/CARDS_Pocket_Original/green/reverse.png":["assets/deck/CARDS_Pocket_Original/green/reverse.png"],"assets/deck/CARDS_Pocket_Original/green/skip.png":["assets/deck/CARDS_Pocket_Original/green/skip.png"],"assets/deck/CARDS_Pocket_Original/orange/0.png":["assets/deck/CARDS_Pocket_Original/orange/0.png"],"assets/deck/CARDS_Pocket_Original/orange/1.png":["assets/deck/CARDS_Pocket_Original/orange/1.png"],"assets/deck/CARDS_Pocket_Original/orange/2.png":["assets/deck/CARDS_Pocket_Original/orange/2.png"],"assets/deck/CARDS_Pocket_Original/orange/3.png":["assets/deck/CARDS_Pocket_Original/orange/3.png"],"assets/deck/CARDS_Pocket_Original/orange/4.png":["assets/deck/CARDS_Pocket_Original/orange/4.png"],"assets/deck/CARDS_Pocket_Original/orange/5.png":["assets/deck/CARDS_Pocket_Original/orange/5.png"],"assets/deck/CARDS_Pocket_Original/orange/6.png":["assets/deck/CARDS_Pocket_Original/orange/6.png"],"assets/deck/CARDS_Pocket_Original/orange/7.png":["assets/deck/CARDS_Pocket_Original/orange/7.png"],"assets/deck/CARDS_Pocket_Original/orange/8.png":["assets/deck/CARDS_Pocket_Original/orange/8.png"],"assets/deck/CARDS_Pocket_Original/orange/9.png":["assets/deck/CARDS_Pocket_Original/orange/9.png"],"assets/deck/CARDS_Pocket_Original/orange/draw_2.png":["assets/deck/CARDS_Pocket_Original/orange/draw_2.png"],"assets/deck/CARDS_Pocket_Original/orange/reverse.png":["assets/deck/CARDS_Pocket_Original/orange/reverse.png"],"assets/deck/CARDS_Pocket_Original/orange/skip.png":["assets/deck/CARDS_Pocket_Original/orange/skip.png"],"assets/deck/CARDS_Pocket_Original/red/0.png":["assets/deck/CARDS_Pocket_Original/red/0.png"],"assets/deck/CARDS_Pocket_Original/red/1.png":["assets/deck/CARDS_Pocket_Original/red/1.png"],"assets/deck/CARDS_Pocket_Original/red/2.png":["assets/deck/CARDS_Pocket_Original/red/2.png"],"assets/deck/CARDS_Pocket_Original/red/3.png":["assets/deck/CARDS_Pocket_Original/red/3.png"],"assets/deck/CARDS_Pocket_Original/red/4.png":["assets/deck/CARDS_Pocket_Original/red/4.png"],"assets/deck/CARDS_Pocket_Original/red/5.png":["assets/deck/CARDS_Pocket_Original/red/5.png"],"assets/deck/CARDS_Pocket_Original/red/6.png":["assets/deck/CARDS_Pocket_Original/red/6.png"],"assets/deck/CARDS_Pocket_Original/red/7.png":["assets/deck/CARDS_Pocket_Original/red/7.png"],"assets/deck/CARDS_Pocket_Original/red/8.png":["assets/deck/CARDS_Pocket_Original/red/8.png"],"assets/deck/CARDS_Pocket_Original/red/9.png":["assets/deck/CARDS_Pocket_Original/red/9.png"],"assets/deck/CARDS_Pocket_Original/red/draw_2.png":["assets/deck/CARDS_Pocket_Original/red/draw_2.png"],"assets/deck/CARDS_Pocket_Original/red/reverse.png":["assets/deck/CARDS_Pocket_Original/red/reverse.png"],"assets/deck/CARDS_Pocket_Original/red/skip.png":["assets/deck/CARDS_Pocket_Original/red/skip.png"],"assets/deck/CARDS_Pocket_Original/theme.mp3":["assets/deck/CARDS_Pocket_Original/theme.mp3"],"assets/deck/CARDS_Pocket_Original/thumbnail.png":["assets/deck/CARDS_Pocket_Original/thumbnail.png"],"assets/deck/CARDS_Pocket_Original/wild/wild.png":["assets/deck/CARDS_Pocket_Original/wild/wild.png"],"assets/deck/CARDS_Pocket_Original/wild/wild_draw_4.png":["assets/deck/CARDS_Pocket_Original/wild/wild_draw_4.png"],"assets/deck/Pokemon/.DS_Store":["assets/deck/Pokemon/.DS_Store"],"assets/deck/Pokemon/blue/0.png":["assets/deck/Pokemon/blue/0.png"],"assets/deck/Pokemon/blue/1.png":["assets/deck/Pokemon/blue/1.png"],"assets/deck/Pokemon/blue/2.png":["assets/deck/Pokemon/blue/2.png"],"assets/deck/Pokemon/blue/3.png":["assets/deck/Pokemon/blue/3.png"],"assets/deck/Pokemon/blue/4.png":["assets/deck/Pokemon/blue/4.png"],"assets/deck/Pokemon/blue/5.png":["assets/deck/Pokemon/blue/5.png"],"assets/deck/Pokemon/blue/6.png":["assets/deck/Pokemon/blue/6.png"],"assets/deck/Pokemon/blue/7.png":["assets/deck/Pokemon/blue/7.png"],"assets/deck/Pokemon/blue/8.png":["assets/deck/Pokemon/blue/8.png"],"assets/deck/Pokemon/blue/9.png":["assets/deck/Pokemon/blue/9.png"],"assets/deck/Pokemon/blue/draw_2.png":["assets/deck/Pokemon/blue/draw_2.png"],"assets/deck/Pokemon/blue/reverse.png":["assets/deck/Pokemon/blue/reverse.png"],"assets/deck/Pokemon/blue/skip.png":["assets/deck/Pokemon/blue/skip.png"],"assets/deck/Pokemon/deck.png":["assets/deck/Pokemon/deck.png"],"assets/deck/Pokemon/green/0.png":["assets/deck/Pokemon/green/0.png"],"assets/deck/Pokemon/green/1.png":["assets/deck/Pokemon/green/1.png"],"assets/deck/Pokemon/green/2.png":["assets/deck/Pokemon/green/2.png"],"assets/deck/Pokemon/green/3.png":["assets/deck/Pokemon/green/3.png"],"assets/deck/Pokemon/green/4.png":["assets/deck/Pokemon/green/4.png"],"assets/deck/Pokemon/green/5.png":["assets/deck/Pokemon/green/5.png"],"assets/deck/Pokemon/green/6.png":["assets/deck/Pokemon/green/6.png"],"assets/deck/Pokemon/green/7.png":["assets/deck/Pokemon/green/7.png"],"assets/deck/Pokemon/green/8.png":["assets/deck/Pokemon/green/8.png"],"assets/deck/Pokemon/green/9.png":["assets/deck/Pokemon/green/9.png"],"assets/deck/Pokemon/green/draw_2.png":["assets/deck/Pokemon/green/draw_2.png"],"assets/deck/Pokemon/green/reverse.png":["assets/deck/Pokemon/green/reverse.png"],"assets/deck/Pokemon/green/skip.png":["assets/deck/Pokemon/green/skip.png"],"assets/deck/Pokemon/orange/0.png":["assets/deck/Pokemon/orange/0.png"],"assets/deck/Pokemon/orange/1.png":["assets/deck/Pokemon/orange/1.png"],"assets/deck/Pokemon/orange/2.png":["assets/deck/Pokemon/orange/2.png"],"assets/deck/Pokemon/orange/3.png":["assets/deck/Pokemon/orange/3.png"],"assets/deck/Pokemon/orange/4.png":["assets/deck/Pokemon/orange/4.png"],"assets/deck/Pokemon/orange/5.png":["assets/deck/Pokemon/orange/5.png"],"assets/deck/Pokemon/orange/6.png":["assets/deck/Pokemon/orange/6.png"],"assets/deck/Pokemon/orange/7.png":["assets/deck/Pokemon/orange/7.png"],"assets/deck/Pokemon/orange/8.png":["assets/deck/Pokemon/orange/8.png"],"assets/deck/Pokemon/orange/9.png":["assets/deck/Pokemon/orange/9.png"],"assets/deck/Pokemon/orange/draw_2.png":["assets/deck/Pokemon/orange/draw_2.png"],"assets/deck/Pokemon/orange/reverse.png":["assets/deck/Pokemon/orange/reverse.png"],"assets/deck/Pokemon/orange/skip.png":["assets/deck/Pokemon/orange/skip.png"],"assets/deck/Pokemon/red/0.png":["assets/deck/Pokemon/red/0.png"],"assets/deck/Pokemon/red/1.png":["assets/deck/Pokemon/red/1.png"],"assets/deck/Pokemon/red/2.png":["assets/deck/Pokemon/red/2.png"],"assets/deck/Pokemon/red/3.png":["assets/deck/Pokemon/red/3.png"],"assets/deck/Pokemon/red/4.png":["assets/deck/Pokemon/red/4.png"],"assets/deck/Pokemon/red/5.png":["assets/deck/Pokemon/red/5.png"],"assets/deck/Pokemon/red/6.png":["assets/deck/Pokemon/red/6.png"],"assets/deck/Pokemon/red/7.png":["assets/deck/Pokemon/red/7.png"],"assets/deck/Pokemon/red/8.png":["assets/deck/Pokemon/red/8.png"],"assets/deck/Pokemon/red/9.png":["assets/deck/Pokemon/red/9.png"],"assets/deck/Pokemon/red/draw_2.png":["assets/deck/Pokemon/red/draw_2.png"],"assets/deck/Pokemon/red/reverse.png":["assets/deck/Pokemon/red/reverse.png"],"assets/deck/Pokemon/red/skip.png":["assets/deck/Pokemon/red/skip.png"],"assets/deck/Pokemon/theme.mp3":["assets/deck/Pokemon/theme.mp3"],"assets/deck/Pokemon/thumbnail.png":["assets/deck/Pokemon/thumbnail.png"],"assets/deck/Pokemon/wild/wild.png":["assets/deck/Pokemon/wild/wild.png"],"assets/deck/Pokemon/wild/wild_draw_4.png":["assets/deck/Pokemon/wild/wild_draw_4.png"],"assets/deck/Super_Mario/.DS_Store":["assets/deck/Super_Mario/.DS_Store"],"assets/deck/Super_Mario/blue/0.png":["assets/deck/Super_Mario/blue/0.png"],"assets/deck/Super_Mario/blue/1.png":["assets/deck/Super_Mario/blue/1.png"],"assets/deck/Super_Mario/blue/2.png":["assets/deck/Super_Mario/blue/2.png"],"assets/deck/Super_Mario/blue/3.png":["assets/deck/Super_Mario/blue/3.png"],"assets/deck/Super_Mario/blue/4.png":["assets/deck/Super_Mario/blue/4.png"],"assets/deck/Super_Mario/blue/5.png":["assets/deck/Super_Mario/blue/5.png"],"assets/deck/Super_Mario/blue/6.png":["assets/deck/Super_Mario/blue/6.png"],"assets/deck/Super_Mario/blue/7.png":["assets/deck/Super_Mario/blue/7.png"],"assets/deck/Super_Mario/blue/8.png":["assets/deck/Super_Mario/blue/8.png"],"assets/deck/Super_Mario/blue/9.png":["assets/deck/Super_Mario/blue/9.png"],"assets/deck/Super_Mario/blue/draw_2.png":["assets/deck/Super_Mario/blue/draw_2.png"],"assets/deck/Super_Mario/blue/reverse.png":["assets/deck/Super_Mario/blue/reverse.png"],"assets/deck/Super_Mario/blue/skip.png":["assets/deck/Super_Mario/blue/skip.png"],"assets/deck/Super_Mario/deck.png":["assets/deck/Super_Mario/deck.png"],"assets/deck/Super_Mario/green/0.png":["assets/deck/Super_Mario/green/0.png"],"assets/deck/Super_Mario/green/1.png":["assets/deck/Super_Mario/green/1.png"],"assets/deck/Super_Mario/green/2.png":["assets/deck/Super_Mario/green/2.png"],"assets/deck/Super_Mario/green/3.png":["assets/deck/Super_Mario/green/3.png"],"assets/deck/Super_Mario/green/4.png":["assets/deck/Super_Mario/green/4.png"],"assets/deck/Super_Mario/green/5.png":["assets/deck/Super_Mario/green/5.png"],"assets/deck/Super_Mario/green/6.png":["assets/deck/Super_Mario/green/6.png"],"assets/deck/Super_Mario/green/7.png":["assets/deck/Super_Mario/green/7.png"],"assets/deck/Super_Mario/green/8.png":["assets/deck/Super_Mario/green/8.png"],"assets/deck/Super_Mario/green/9.png":["assets/deck/Super_Mario/green/9.png"],"assets/deck/Super_Mario/green/draw_2.png":["assets/deck/Super_Mario/green/draw_2.png"],"assets/deck/Super_Mario/green/reverse.png":["assets/deck/Super_Mario/green/reverse.png"],"assets/deck/Super_Mario/green/skip.png":["assets/deck/Super_Mario/green/skip.png"],"assets/deck/Super_Mario/orange/0.png":["assets/deck/Super_Mario/orange/0.png"],"assets/deck/Super_Mario/orange/1.png":["assets/deck/Super_Mario/orange/1.png"],"assets/deck/Super_Mario/orange/2.png":["assets/deck/Super_Mario/orange/2.png"],"assets/deck/Super_Mario/orange/3.png":["assets/deck/Super_Mario/orange/3.png"],"assets/deck/Super_Mario/orange/4.png":["assets/deck/Super_Mario/orange/4.png"],"assets/deck/Super_Mario/orange/5.png":["assets/deck/Super_Mario/orange/5.png"],"assets/deck/Super_Mario/orange/6.png":["assets/deck/Super_Mario/orange/6.png"],"assets/deck/Super_Mario/orange/7.png":["assets/deck/Super_Mario/orange/7.png"],"assets/deck/Super_Mario/orange/8.png":["assets/deck/Super_Mario/orange/8.png"],"assets/deck/Super_Mario/orange/9.png":["assets/deck/Super_Mario/orange/9.png"],"assets/deck/Super_Mario/orange/draw_2.png":["assets/deck/Super_Mario/orange/draw_2.png"],"assets/deck/Super_Mario/orange/reverse.png":["assets/deck/Super_Mario/orange/reverse.png"],"assets/deck/Super_Mario/orange/skip.png":["assets/deck/Super_Mario/orange/skip.png"],"assets/deck/Super_Mario/red/0.png":["assets/deck/Super_Mario/red/0.png"],"assets/deck/Super_Mario/red/1.png":["assets/deck/Super_Mario/red/1.png"],"assets/deck/Super_Mario/red/2.png":["assets/deck/Super_Mario/red/2.png"],"assets/deck/Super_Mario/red/3.png":["assets/deck/Super_Mario/red/3.png"],"assets/deck/Super_Mario/red/4.png":["assets/deck/Super_Mario/red/4.png"],"assets/deck/Super_Mario/red/5.png":["assets/deck/Super_Mario/red/5.png"],"assets/deck/Super_Mario/red/6.png":["assets/deck/Super_Mario/red/6.png"],"assets/deck/Super_Mario/red/7.png":["assets/deck/Super_Mario/red/7.png"],"assets/deck/Super_Mario/red/8.png":["assets/deck/Super_Mario/red/8.png"],"assets/deck/Super_Mario/red/9.png":["assets/deck/Super_Mario/red/9.png"],"assets/deck/Super_Mario/red/draw_2.png":["assets/deck/Super_Mario/red/draw_2.png"],"assets/deck/Super_Mario/red/reverse.png":["assets/deck/Super_Mario/red/reverse.png"],"assets/deck/Super_Mario/red/skip.png":["assets/deck/Super_Mario/red/skip.png"],"assets/deck/Super_Mario/theme.mp3":["assets/deck/Super_Mario/theme.mp3"],"assets/deck/Super_Mario/thumbnail.png":["assets/deck/Super_Mario/thumbnail.png"],"assets/deck/Super_Mario/wild/wild.png":["assets/deck/Super_Mario/wild/wild.png"],"assets/deck/Super_Mario/wild/wild_draw_4.png":["assets/deck/Super_Mario/wild/wild_draw_4.png"],"assets/deck/dragging.png":["assets/deck/dragging.png"],"assets/guide/guide.png":["assets/guide/guide.png"],"assets/guide/how_to_play.png":["assets/guide/how_to_play.png"],"assets/guide/playing_modes.png":["assets/guide/playing_modes.png"],"assets/guide/special_cards.png":["assets/guide/special_cards.png"],"assets/guide/who_wins.png":["assets/guide/who_wins.png"],"assets/loadGame/loadGame.png":["assets/loadGame/loadGame.png"],"assets/logo/.DS_Store":["assets/logo/.DS_Store"],"assets/logo/deck.png":["assets/logo/deck.png"],"assets/logo/logo.png":["assets/logo/logo.png"],"assets/logo/logo_ios.png":["assets/logo/logo_ios.png"],"assets/logout/logout.png":["assets/logout/logout.png"],"assets/pet/roby.png":["assets/pet/roby.png"],"assets/pet/roby.webp":["assets/pet/roby.webp"],"assets/players/player_1.png":["assets/players/player_1.png"],"assets/players/player_1_name.png":["assets/players/player_1_name.png"],"assets/players/player_2.png":["assets/players/player_2.png"],"assets/players/player_2_name.png":["assets/players/player_2_name.png"],"assets/saveGame/loadGame.png":["assets/saveGame/loadGame.png"],"assets/saveGame/saveGame.png":["assets/saveGame/saveGame.png"],"assets/sounds/dropped.mp3":["assets/sounds/dropped.mp3"],"assets/sounds/store.mp3":["assets/sounds/store.mp3"],"assets/sounds/theme.mp3":["assets/sounds/theme.mp3"],"assets/sounds/winner.mp3":["assets/sounds/winner.mp3"],"assets/store/bag.png":["assets/store/bag.png"],"assets/store/store.png":["assets/store/store.png"],"assets/unoChance/unoChance.png":["assets/unoChance/unoChance.png"],"assets/unoChance/unoChance_2.png":["assets/unoChance/unoChance_2.png"],"assets/warnings/dismiss.png":["assets/warnings/dismiss.png"],"assets/warnings/dismiss_1.png":["assets/warnings/dismiss_1.png"],"assets/warnings/dismiss_2.pnf.png":["assets/warnings/dismiss_2.pnf.png"],"assets/warnings/dismiss_2.png":["assets/warnings/dismiss_2.png"],"assets/winners/winner.png":["assets/winners/winner.png"],"packages/cupertino_icons/assets/CupertinoIcons.ttf":["packages/cupertino_icons/assets/CupertinoIcons.ttf"]}