{"assets/.DS_Store":["assets/.DS_Store"],"assets/buttons/UNO.png":["assets/buttons/UNO.png"],"assets/buttons/UNO_blue.png":["assets/buttons/UNO_blue.png"],"assets/buttons/next_turn.png":["assets/buttons/next_turn.png"],"assets/buttons/next_turn_blue.png":["assets/buttons/next_turn_blue.png"],"assets/classification/classification.png":["assets/classification/classification.png"],"assets/colorChanger/colorChanger.png":["assets/colorChanger/colorChanger.png"],"assets/deck/blue/0.png":["assets/deck/blue/0.png"],"assets/deck/blue/1.png":["assets/deck/blue/1.png"],"assets/deck/blue/2.png":["assets/deck/blue/2.png"],"assets/deck/blue/3.png":["assets/deck/blue/3.png"],"assets/deck/blue/4.png":["assets/deck/blue/4.png"],"assets/deck/blue/5.png":["assets/deck/blue/5.png"],"assets/deck/blue/6.png":["assets/deck/blue/6.png"],"assets/deck/blue/7.png":["assets/deck/blue/7.png"],"assets/deck/blue/8.png":["assets/deck/blue/8.png"],"assets/deck/blue/9.png":["assets/deck/blue/9.png"],"assets/deck/blue/draw_2.png":["assets/deck/blue/draw_2.png"],"assets/deck/blue/reverse.png":["assets/deck/blue/reverse.png"],"assets/deck/blue/skip.png":["assets/deck/blue/skip.png"],"assets/deck/green/0.png":["assets/deck/green/0.png"],"assets/deck/green/1.png":["assets/deck/green/1.png"],"assets/deck/green/2.png":["assets/deck/green/2.png"],"assets/deck/green/3.png":["assets/deck/green/3.png"],"assets/deck/green/4.png":["assets/deck/green/4.png"],"assets/deck/green/5.png":["assets/deck/green/5.png"],"assets/deck/green/6.png":["assets/deck/green/6.png"],"assets/deck/green/7.png":["assets/deck/green/7.png"],"assets/deck/green/8.png":["assets/deck/green/8.png"],"assets/deck/green/9.png":["assets/deck/green/9.png"],"assets/deck/green/draw_2.png":["assets/deck/green/draw_2.png"],"assets/deck/green/reverse.png":["assets/deck/green/reverse.png"],"assets/deck/green/skip.png":["assets/deck/green/skip.png"],"assets/deck/orange/0.png":["assets/deck/orange/0.png"],"assets/deck/orange/1.png":["assets/deck/orange/1.png"],"assets/deck/orange/2.png":["assets/deck/orange/2.png"],"assets/deck/orange/3.png":["assets/deck/orange/3.png"],"assets/deck/orange/4.png":["assets/deck/orange/4.png"],"assets/deck/orange/5.png":["assets/deck/orange/5.png"],"assets/deck/orange/6.png":["assets/deck/orange/6.png"],"assets/deck/orange/7.png":["assets/deck/orange/7.png"],"assets/deck/orange/8.png":["assets/deck/orange/8.png"],"assets/deck/orange/9.png":["assets/deck/orange/9.png"],"assets/deck/orange/draw_2.png":["assets/deck/orange/draw_2.png"],"assets/deck/orange/reverse.png":["assets/deck/orange/reverse.png"],"assets/deck/orange/skip.png":["assets/deck/orange/skip.png"],"assets/deck/red/0.png":["assets/deck/red/0.png"],"assets/deck/red/1.png":["assets/deck/red/1.png"],"assets/deck/red/2.png":["assets/deck/red/2.png"],"assets/deck/red/3.png":["assets/deck/red/3.png"],"assets/deck/red/4.png":["assets/deck/red/4.png"],"assets/deck/red/5.png":["assets/deck/red/5.png"],"assets/deck/red/6.png":["assets/deck/red/6.png"],"assets/deck/red/7.png":["assets/deck/red/7.png"],"assets/deck/red/8.png":["assets/deck/red/8.png"],"assets/deck/red/9.png":["assets/deck/red/9.png"],"assets/deck/red/draw_2.png":["assets/deck/red/draw_2.png"],"assets/deck/red/reverse.png":["assets/deck/red/reverse.png"],"assets/deck/red/skip.png":["assets/deck/red/skip.png"],"assets/deck/wild/wild.png":["assets/deck/wild/wild.png"],"assets/deck/wild/wild_draw_4.png":["assets/deck/wild/wild_draw_4.png"],"assets/loadGame/loadGame.png":["assets/loadGame/loadGame.png"],"assets/logo/deck.png":["assets/logo/deck.png"],"assets/logo/logo.ico":["assets/logo/logo.ico"],"assets/logo/logo.png":["assets/logo/logo.png"],"assets/pet/roby.png":["assets/pet/roby.png"],"assets/pet/roby.webp":["assets/pet/roby.webp"],"assets/players/player_1.png":["assets/players/player_1.png"],"assets/players/player_1_name.png":["assets/players/player_1_name.png"],"assets/players/player_2.png":["assets/players/player_2.png"],"assets/players/player_2_name.png":["assets/players/player_2_name.png"],"assets/saveGame/loadGame.png":["assets/saveGame/loadGame.png"],"assets/saveGame/saveGame.png":["assets/saveGame/saveGame.png"],"assets/sounds/theme.mp3":["assets/sounds/theme.mp3"],"assets/sounds/winner.mp3":["assets/sounds/winner.mp3"],"assets/unoChance/unoChance.png":["assets/unoChance/unoChance.png"],"assets/unoChance/unoChance_2.png":["assets/unoChance/unoChance_2.png"],"assets/warnings/dismiss.png":["assets/warnings/dismiss.png"],"assets/warnings/dismiss_1.png":["assets/warnings/dismiss_1.png"],"assets/warnings/dismiss_2.pnf.png":["assets/warnings/dismiss_2.pnf.png"],"assets/warnings/dismiss_2.png":["assets/warnings/dismiss_2.png"],"assets/winners/winner.png":["assets/winners/winner.png"],"packages/cupertino_icons/assets/CupertinoIcons.ttf":["packages/cupertino_icons/assets/CupertinoIcons.ttf"]}