{"assets/.DS_Store":["assets/.DS_Store"],"assets/buttons/UNO.png":["assets/buttons/UNO.png"],"assets/buttons/UNO_blue.png":["assets/buttons/UNO_blue.png"],"assets/buttons/next_turn.png":["assets/buttons/next_turn.png"],"assets/buttons/next_turn_blue.png":["assets/buttons/next_turn_blue.png"],"assets/classification/classification.png":["assets/classification/classification.png"],"assets/colorChanger/colorChanger.png":["assets/colorChanger/colorChanger.png"],"assets/deck/animal_crossing/.DS_Store":["assets/deck/animal_crossing/.DS_Store"],"assets/deck/animal_crossing/blue/0.png":["assets/deck/animal_crossing/blue/0.png"],"assets/deck/animal_crossing/blue/1.png":["assets/deck/animal_crossing/blue/1.png"],"assets/deck/animal_crossing/blue/2.png":["assets/deck/animal_crossing/blue/2.png"],"assets/deck/animal_crossing/blue/3.png":["assets/deck/animal_crossing/blue/3.png"],"assets/deck/animal_crossing/blue/4.png":["assets/deck/animal_crossing/blue/4.png"],"assets/deck/animal_crossing/blue/5.png":["assets/deck/animal_crossing/blue/5.png"],"assets/deck/animal_crossing/blue/6.png":["assets/deck/animal_crossing/blue/6.png"],"assets/deck/animal_crossing/blue/7.png":["assets/deck/animal_crossing/blue/7.png"],"assets/deck/animal_crossing/blue/8.png":["assets/deck/animal_crossing/blue/8.png"],"assets/deck/animal_crossing/blue/9.png":["assets/deck/animal_crossing/blue/9.png"],"assets/deck/animal_crossing/blue/draw_2.png":["assets/deck/animal_crossing/blue/draw_2.png"],"assets/deck/animal_crossing/blue/reverse.png":["assets/deck/animal_crossing/blue/reverse.png"],"assets/deck/animal_crossing/blue/skip.png":["assets/deck/animal_crossing/blue/skip.png"],"assets/deck/animal_crossing/green/0.png":["assets/deck/animal_crossing/green/0.png"],"assets/deck/animal_crossing/green/1.png":["assets/deck/animal_crossing/green/1.png"],"assets/deck/animal_crossing/green/2.png":["assets/deck/animal_crossing/green/2.png"],"assets/deck/animal_crossing/green/3.png":["assets/deck/animal_crossing/green/3.png"],"assets/deck/animal_crossing/green/4.png":["assets/deck/animal_crossing/green/4.png"],"assets/deck/animal_crossing/green/5.png":["assets/deck/animal_crossing/green/5.png"],"assets/deck/animal_crossing/green/6.png":["assets/deck/animal_crossing/green/6.png"],"assets/deck/animal_crossing/green/7.png":["assets/deck/animal_crossing/green/7.png"],"assets/deck/animal_crossing/green/8.png":["assets/deck/animal_crossing/green/8.png"],"assets/deck/animal_crossing/green/9.png":["assets/deck/animal_crossing/green/9.png"],"assets/deck/animal_crossing/green/draw_2.png":["assets/deck/animal_crossing/green/draw_2.png"],"assets/deck/animal_crossing/green/reverse.png":["assets/deck/animal_crossing/green/reverse.png"],"assets/deck/animal_crossing/green/skip.png":["assets/deck/animal_crossing/green/skip.png"],"assets/deck/animal_crossing/orange/0.png":["assets/deck/animal_crossing/orange/0.png"],"assets/deck/animal_crossing/orange/1.png":["assets/deck/animal_crossing/orange/1.png"],"assets/deck/animal_crossing/orange/2.png":["assets/deck/animal_crossing/orange/2.png"],"assets/deck/animal_crossing/orange/3.png":["assets/deck/animal_crossing/orange/3.png"],"assets/deck/animal_crossing/orange/4.png":["assets/deck/animal_crossing/orange/4.png"],"assets/deck/animal_crossing/orange/5.png":["assets/deck/animal_crossing/orange/5.png"],"assets/deck/animal_crossing/orange/6.png":["assets/deck/animal_crossing/orange/6.png"],"assets/deck/animal_crossing/orange/7.png":["assets/deck/animal_crossing/orange/7.png"],"assets/deck/animal_crossing/orange/8.png":["assets/deck/animal_crossing/orange/8.png"],"assets/deck/animal_crossing/orange/9.png":["assets/deck/animal_crossing/orange/9.png"],"assets/deck/animal_crossing/orange/draw_2.png":["assets/deck/animal_crossing/orange/draw_2.png"],"assets/deck/animal_crossing/orange/reverse.png":["assets/deck/animal_crossing/orange/reverse.png"],"assets/deck/animal_crossing/orange/skip.png":["assets/deck/animal_crossing/orange/skip.png"],"assets/deck/animal_crossing/red/0.png":["assets/deck/animal_crossing/red/0.png"],"assets/deck/animal_crossing/red/1.png":["assets/deck/animal_crossing/red/1.png"],"assets/deck/animal_crossing/red/2.png":["assets/deck/animal_crossing/red/2.png"],"assets/deck/animal_crossing/red/3.png":["assets/deck/animal_crossing/red/3.png"],"assets/deck/animal_crossing/red/4.png":["assets/deck/animal_crossing/red/4.png"],"assets/deck/animal_crossing/red/5.png":["assets/deck/animal_crossing/red/5.png"],"assets/deck/animal_crossing/red/6.png":["assets/deck/animal_crossing/red/6.png"],"assets/deck/animal_crossing/red/7.png":["assets/deck/animal_crossing/red/7.png"],"assets/deck/animal_crossing/red/8.png":["assets/deck/animal_crossing/red/8.png"],"assets/deck/animal_crossing/red/9.png":["assets/deck/animal_crossing/red/9.png"],"assets/deck/animal_crossing/red/draw_2.png":["assets/deck/animal_crossing/red/draw_2.png"],"assets/deck/animal_crossing/red/reverse.png":["assets/deck/animal_crossing/red/reverse.png"],"assets/deck/animal_crossing/red/skip.png":["assets/deck/animal_crossing/red/skip.png"],"assets/deck/animal_crossing/thumbnail.png":["assets/deck/animal_crossing/thumbnail.png"],"assets/deck/animal_crossing/wild/wild.png":["assets/deck/animal_crossing/wild/wild.png"],"assets/deck/animal_crossing/wild/wild_draw_4.png":["assets/deck/animal_crossing/wild/wild_draw_4.png"],"assets/deck/original/.DS_Store":["assets/deck/original/.DS_Store"],"assets/deck/original/blue/0.png":["assets/deck/original/blue/0.png"],"assets/deck/original/blue/1.png":["assets/deck/original/blue/1.png"],"assets/deck/original/blue/2.png":["assets/deck/original/blue/2.png"],"assets/deck/original/blue/3.png":["assets/deck/original/blue/3.png"],"assets/deck/original/blue/4.png":["assets/deck/original/blue/4.png"],"assets/deck/original/blue/5.png":["assets/deck/original/blue/5.png"],"assets/deck/original/blue/6.png":["assets/deck/original/blue/6.png"],"assets/deck/original/blue/7.png":["assets/deck/original/blue/7.png"],"assets/deck/original/blue/8.png":["assets/deck/original/blue/8.png"],"assets/deck/original/blue/9.png":["assets/deck/original/blue/9.png"],"assets/deck/original/blue/draw_2.png":["assets/deck/original/blue/draw_2.png"],"assets/deck/original/blue/reverse.png":["assets/deck/original/blue/reverse.png"],"assets/deck/original/blue/skip.png":["assets/deck/original/blue/skip.png"],"assets/deck/original/green/0.png":["assets/deck/original/green/0.png"],"assets/deck/original/green/1.png":["assets/deck/original/green/1.png"],"assets/deck/original/green/2.png":["assets/deck/original/green/2.png"],"assets/deck/original/green/3.png":["assets/deck/original/green/3.png"],"assets/deck/original/green/4.png":["assets/deck/original/green/4.png"],"assets/deck/original/green/5.png":["assets/deck/original/green/5.png"],"assets/deck/original/green/6.png":["assets/deck/original/green/6.png"],"assets/deck/original/green/7.png":["assets/deck/original/green/7.png"],"assets/deck/original/green/8.png":["assets/deck/original/green/8.png"],"assets/deck/original/green/9.png":["assets/deck/original/green/9.png"],"assets/deck/original/green/draw_2.png":["assets/deck/original/green/draw_2.png"],"assets/deck/original/green/reverse.png":["assets/deck/original/green/reverse.png"],"assets/deck/original/green/skip.png":["assets/deck/original/green/skip.png"],"assets/deck/original/orange/0.png":["assets/deck/original/orange/0.png"],"assets/deck/original/orange/1.png":["assets/deck/original/orange/1.png"],"assets/deck/original/orange/2.png":["assets/deck/original/orange/2.png"],"assets/deck/original/orange/3.png":["assets/deck/original/orange/3.png"],"assets/deck/original/orange/4.png":["assets/deck/original/orange/4.png"],"assets/deck/original/orange/5.png":["assets/deck/original/orange/5.png"],"assets/deck/original/orange/6.png":["assets/deck/original/orange/6.png"],"assets/deck/original/orange/7.png":["assets/deck/original/orange/7.png"],"assets/deck/original/orange/8.png":["assets/deck/original/orange/8.png"],"assets/deck/original/orange/9.png":["assets/deck/original/orange/9.png"],"assets/deck/original/orange/draw_2.png":["assets/deck/original/orange/draw_2.png"],"assets/deck/original/orange/reverse.png":["assets/deck/original/orange/reverse.png"],"assets/deck/original/orange/skip.png":["assets/deck/original/orange/skip.png"],"assets/deck/original/red/0.png":["assets/deck/original/red/0.png"],"assets/deck/original/red/1.png":["assets/deck/original/red/1.png"],"assets/deck/original/red/2.png":["assets/deck/original/red/2.png"],"assets/deck/original/red/3.png":["assets/deck/original/red/3.png"],"assets/deck/original/red/4.png":["assets/deck/original/red/4.png"],"assets/deck/original/red/5.png":["assets/deck/original/red/5.png"],"assets/deck/original/red/6.png":["assets/deck/original/red/6.png"],"assets/deck/original/red/7.png":["assets/deck/original/red/7.png"],"assets/deck/original/red/8.png":["assets/deck/original/red/8.png"],"assets/deck/original/red/9.png":["assets/deck/original/red/9.png"],"assets/deck/original/red/draw_2.png":["assets/deck/original/red/draw_2.png"],"assets/deck/original/red/reverse.png":["assets/deck/original/red/reverse.png"],"assets/deck/original/red/skip.png":["assets/deck/original/red/skip.png"],"assets/deck/original/thumbnail.png":["assets/deck/original/thumbnail.png"],"assets/deck/original/wild/wild.png":["assets/deck/original/wild/wild.png"],"assets/deck/original/wild/wild_draw_4.png":["assets/deck/original/wild/wild_draw_4.png"],"assets/deck/super_mario/.DS_Store":["assets/deck/super_mario/.DS_Store"],"assets/deck/super_mario/blue/0.png":["assets/deck/super_mario/blue/0.png"],"assets/deck/super_mario/blue/1.png":["assets/deck/super_mario/blue/1.png"],"assets/deck/super_mario/blue/2.png":["assets/deck/super_mario/blue/2.png"],"assets/deck/super_mario/blue/3.png":["assets/deck/super_mario/blue/3.png"],"assets/deck/super_mario/blue/4.png":["assets/deck/super_mario/blue/4.png"],"assets/deck/super_mario/blue/5.png":["assets/deck/super_mario/blue/5.png"],"assets/deck/super_mario/blue/6.png":["assets/deck/super_mario/blue/6.png"],"assets/deck/super_mario/blue/7.png":["assets/deck/super_mario/blue/7.png"],"assets/deck/super_mario/blue/8.png":["assets/deck/super_mario/blue/8.png"],"assets/deck/super_mario/blue/9.png":["assets/deck/super_mario/blue/9.png"],"assets/deck/super_mario/blue/draw_2.png":["assets/deck/super_mario/blue/draw_2.png"],"assets/deck/super_mario/blue/reverse.png":["assets/deck/super_mario/blue/reverse.png"],"assets/deck/super_mario/blue/skip.png":["assets/deck/super_mario/blue/skip.png"],"assets/deck/super_mario/green/0.png":["assets/deck/super_mario/green/0.png"],"assets/deck/super_mario/green/1.png":["assets/deck/super_mario/green/1.png"],"assets/deck/super_mario/green/2.png":["assets/deck/super_mario/green/2.png"],"assets/deck/super_mario/green/3.png":["assets/deck/super_mario/green/3.png"],"assets/deck/super_mario/green/4.png":["assets/deck/super_mario/green/4.png"],"assets/deck/super_mario/green/5.png":["assets/deck/super_mario/green/5.png"],"assets/deck/super_mario/green/6.png":["assets/deck/super_mario/green/6.png"],"assets/deck/super_mario/green/7.png":["assets/deck/super_mario/green/7.png"],"assets/deck/super_mario/green/8.png":["assets/deck/super_mario/green/8.png"],"assets/deck/super_mario/green/9.png":["assets/deck/super_mario/green/9.png"],"assets/deck/super_mario/green/draw_2.png":["assets/deck/super_mario/green/draw_2.png"],"assets/deck/super_mario/green/reverse.png":["assets/deck/super_mario/green/reverse.png"],"assets/deck/super_mario/green/skip.png":["assets/deck/super_mario/green/skip.png"],"assets/deck/super_mario/orange/0.png":["assets/deck/super_mario/orange/0.png"],"assets/deck/super_mario/orange/1.png":["assets/deck/super_mario/orange/1.png"],"assets/deck/super_mario/orange/2.png":["assets/deck/super_mario/orange/2.png"],"assets/deck/super_mario/orange/3.png":["assets/deck/super_mario/orange/3.png"],"assets/deck/super_mario/orange/4.png":["assets/deck/super_mario/orange/4.png"],"assets/deck/super_mario/orange/5.png":["assets/deck/super_mario/orange/5.png"],"assets/deck/super_mario/orange/6.png":["assets/deck/super_mario/orange/6.png"],"assets/deck/super_mario/orange/7.png":["assets/deck/super_mario/orange/7.png"],"assets/deck/super_mario/orange/8.png":["assets/deck/super_mario/orange/8.png"],"assets/deck/super_mario/orange/9.png":["assets/deck/super_mario/orange/9.png"],"assets/deck/super_mario/orange/draw_2.png":["assets/deck/super_mario/orange/draw_2.png"],"assets/deck/super_mario/orange/reverse.png":["assets/deck/super_mario/orange/reverse.png"],"assets/deck/super_mario/orange/skip.png":["assets/deck/super_mario/orange/skip.png"],"assets/deck/super_mario/red/0.png":["assets/deck/super_mario/red/0.png"],"assets/deck/super_mario/red/1.png":["assets/deck/super_mario/red/1.png"],"assets/deck/super_mario/red/2.png":["assets/deck/super_mario/red/2.png"],"assets/deck/super_mario/red/3.png":["assets/deck/super_mario/red/3.png"],"assets/deck/super_mario/red/4.png":["assets/deck/super_mario/red/4.png"],"assets/deck/super_mario/red/5.png":["assets/deck/super_mario/red/5.png"],"assets/deck/super_mario/red/6.png":["assets/deck/super_mario/red/6.png"],"assets/deck/super_mario/red/7.png":["assets/deck/super_mario/red/7.png"],"assets/deck/super_mario/red/8.png":["assets/deck/super_mario/red/8.png"],"assets/deck/super_mario/red/9.png":["assets/deck/super_mario/red/9.png"],"assets/deck/super_mario/red/draw_2.png":["assets/deck/super_mario/red/draw_2.png"],"assets/deck/super_mario/red/reverse.png":["assets/deck/super_mario/red/reverse.png"],"assets/deck/super_mario/red/skip.png":["assets/deck/super_mario/red/skip.png"],"assets/deck/super_mario/thumbnail.png":["assets/deck/super_mario/thumbnail.png"],"assets/deck/super_mario/wild/wild.png":["assets/deck/super_mario/wild/wild.png"],"assets/deck/super_mario/wild/wild_draw_4.png":["assets/deck/super_mario/wild/wild_draw_4.png"],"assets/guide/guide.png":["assets/guide/guide.png"],"assets/guide/how_to_play.png":["assets/guide/how_to_play.png"],"assets/guide/playing_modes.png":["assets/guide/playing_modes.png"],"assets/guide/special_cards.png":["assets/guide/special_cards.png"],"assets/guide/who_wins.png":["assets/guide/who_wins.png"],"assets/loadGame/loadGame.png":["assets/loadGame/loadGame.png"],"assets/logo/.DS_Store":["assets/logo/.DS_Store"],"assets/logo/deck.png":["assets/logo/deck.png"],"assets/logo/logo.ico":["assets/logo/logo.ico"],"assets/logo/logo.png":["assets/logo/logo.png"],"assets/logo/logo_ios.png":["assets/logo/logo_ios.png"],"assets/logout/logout.png":["assets/logout/logout.png"],"assets/pet/roby.png":["assets/pet/roby.png"],"assets/pet/roby.webp":["assets/pet/roby.webp"],"assets/players/player_1.png":["assets/players/player_1.png"],"assets/players/player_1_name.png":["assets/players/player_1_name.png"],"assets/players/player_2.png":["assets/players/player_2.png"],"assets/players/player_2_name.png":["assets/players/player_2_name.png"],"assets/saveGame/loadGame.png":["assets/saveGame/loadGame.png"],"assets/saveGame/saveGame.png":["assets/saveGame/saveGame.png"],"assets/sounds/store.mp3":["assets/sounds/store.mp3"],"assets/sounds/theme.mp3":["assets/sounds/theme.mp3"],"assets/sounds/winner.mp3":["assets/sounds/winner.mp3"],"assets/store/bag.png":["assets/store/bag.png"],"assets/store/store.png":["assets/store/store.png"],"assets/unoChance/unoChance.png":["assets/unoChance/unoChance.png"],"assets/unoChance/unoChance_2.png":["assets/unoChance/unoChance_2.png"],"assets/warnings/dismiss.png":["assets/warnings/dismiss.png"],"assets/warnings/dismiss_1.png":["assets/warnings/dismiss_1.png"],"assets/warnings/dismiss_2.pnf.png":["assets/warnings/dismiss_2.pnf.png"],"assets/warnings/dismiss_2.png":["assets/warnings/dismiss_2.png"],"assets/winners/winner.png":["assets/winners/winner.png"],"packages/cupertino_icons/assets/CupertinoIcons.ttf":["packages/cupertino_icons/assets/CupertinoIcons.ttf"]}